time,amplitude,fluxintegral,power
0,0,0.90903992603697,0
0.0015625,1,0.90903992603697,0.99994391864067
0.003125,1,0.90903992603697,0.99994391864067
0.0046875,1,0.90903992603697,0.99994391864067
0.00625,1,0.90903992603697,0.99994391864067
0.0078125,1,0.90903992603697,0.99994391864067
0.009375,1,0.90903992603697,0.99994391864067
0.0109375,1,0.90903992603697,0.99994391864067
0.0125,1,0.90903992603697,0.99994391864067
0.0140625,1,0.90903992603697,0.99994391864067
0.015625,1,0.90903992603697,0.99994391864067
0.0171875,1,0.90903992603697,0.99994391864067
0.01875,1,0.90903992603697,0.99994391864067
0.0203125,1,0.90903992603697,0.99994391864067
0.021875,1,0.90903992603697,0.99994391864067
0.0234375,1,0.90903992603697,0.99994391864067
0.025,1,0.90903992603697,0.99994391864067
0.0265625,1,0.90903992603697,0.99994391864067
0.028125,1,0.90903992603697,0.99994391864067
0.0296875,1,0.90903992603697,0.99994391864067
0.03125,1,0.90903992603697,0.99994391864067
0.0328125,1,0.90903992603697,0.99994391864067
0.034375,1,0.90903992603697,0.99994391864067
0.0359375,1,0.90903992603697,0.99994391864067
0.0375,1,0.90903992603697,0.99994391864067
0.0390625,1,0.90903992603697,0.99994391864067
0.040625,1,0.90903992603697,0.99994391864067
0.0421875,1,0.90903992603697,0.99994391864067
0.04375,1,0.90903992603697,0.99994391864067
0.0453125,1,0.90903992603697,0.99994391864067
0.046875,1,0.90903992603697,0.99994391864067
0.0484375,1,0.90903992603697,0.99994391864067
0.05,1,0.90903992603697,0.99994391864067
0.0515625,1,0.90903992603697,0.99994391864067
0.053125,1,0.90903992603697,0.99994391864067
0.0546875,1,0.90903992603697,0.99994391864067
0.05625,1,0.90903992603697,0.99994391864067
0.0578125,1,0.90903992603697,0.99994391864067
0.059375,1,0.90903992603697,0.99994391864067
0.0609375,1,0.90903992603697,0.99994391864067
0.0625,1,0.90903992603697,0.99994391864067
0.0640625,1,0.90903992603697,0.99994391864067
0.065625,1,0.90903992603697,0.99994391864067
0.0671875,1,0.90903992603697,0.99994391864067
0.06875,1,0.90903992603697,0.99994391864067
0.0703125,1,0.90903992603697,0.99994391864067
0.071875,1,0.90903992603697,0.99994391864067
0.0734375,1,0.90903992603697,0.99994391864067
0.075,1,0.90903992603697,0.99994391864067
0.0765625,1,0.90903992603697,0.99994391864067
0.078125,1,0.90903992603697,0.99994391864067
0.0796875,1,0.90903992603697,0.99994391864067
0.08125,1,0.90903992603697,0.99994391864067
0.0828125,1,0.90903992603697,0.99994391864067
0.084375,1,0.90903992603697,0.99994391864067
0.0859375,1,0.90903992603697,0.99994391864067
0.0875,1,0.90903992603697,0.99994391864067
0.0890625,1,0.90903992603697,0.99994391864067
0.090625,1,0.90903992603697,0.99994391864067
0.0921875,1,0.90903992603697,0.99994391864067
0.09375,1,0.90903992603697,0.99994391864067
0.0953125,1,0.90903992603697,0.99994391864067
0.096875,1,0.90903992603697,0.99994391864067
0.0984375,1,0.90903992603697,0.99994391864067
0.1,1,0.90903992603697,0.99994391864067
0.1015625,1,0.90904123692059,0.99994536061265
0.103125,1.0000007031232,0.90904322218569,0.99994754440426
0.1046875,1.0000028032757,0.90904650651922,0.99995115717114
0.10625,1.0000062872399,0.90905107839104,0.99995618623014
0.1078125,1.0000111425197,0.90905692694597,0.99996261964057
0.109375,1.0000173573194,0.90906404198397,0.99997044618237
0.1109375,1.000024920521,0.90907241393997,0.99997965533397
0.1125,1.0000338216636,0.90908203386498,0.99999023725148
0.1140625,1.0000440509243,0.90909289340812,1.0000021827489
0.115625,1.0000555990993,0.90910498479949,1.0000154832794
0.1171875,1.000068457586,0.90911830083358,1.0000301309169
0.11875,1.000082618366,0.90913283485339,1.0000461183387
0.1203125,1.0000980739884,0.90914858073493,1.0000634388084
0.121875,1.0001148175539,0.90916553287271,1.00008208616
0.1234375,1.0001328426996,0.90918368616516,1.0001020547817
0.125,1.0001521435841,0.90920303600104,1.0001233396011
0.1265625,1.0001727148731,0.90922357824592,1.0001459360705
0.128125,1.0001945517257,0.90924530922935,1.0001698401523
0.1296875,1.0002176497811,0.90926822573238,1.0001950483056
0.13125,1.0002420051453,0.9092923249753,1.0002215574728
0.1328125,1.0002676143789,0.90931760460606,1.0002493650667
0.134375,1.0002944744849,0.90934406268873,1.0002784689576
0.1359375,1.0003225828968,0.90937169769255,1.0003088674618
0.1375,1.000351937467,0.90940050848119,1.0003405593293
0.1390625,1.0003825364564,0.9094304943023,1.0003735437325
0.140625,1.0004143785227,0.90946165477746,1.0004078202552
0.1421875,1.0004474627109,0.90949398989243,1.0004433888817
0.14375,1.0004817884426,0.90952749998756,1.0004802499863
0.1453125,1.0005173555064,0.90956218574861,1.0005184043235
0.146875,1.0005541640484,0.9095980481977,1.0005578530175
0.1484375,1.0005922145628,0.90963508868467,1.0005985975531
0.15,1.000631507883,0.9096733088786,1.0006406397665
0.1515625,1.000672045173,0.90971271075955,1.0006839818355
0.153125,1.0007138279185,0.90975329661056,1.0007286262716
0.1546875,1.0007568579192,0.90979506900991,1.0007745759109
0.15625,1.0008011372806,0.90983803082362,1.000821833906
0.1578125,1.000846668406,0.90988218519799,1.0008704037178
0.159375,1.0008934539893,0.9099275355526,1.0009202891079
0.1609375,1.0009414970075,0.90997408557325,1.0009714941306
0.1625,1.0009908007133,0.91002183920538,1.0010240231259
0.1640625,1.0010413686289,0.91007080064738,1.0010778807121
0.165625,1.0010932045384,0.91012097434431,1.0011330717787
0.1671875,1.001146312482,0.91017236498168,1.0011896014799
0.16875,1.0012006967491,0.91022497747954,1.0012474752275
0.1703125,1.0012563618725,0.91027881698646,1.0013066986851
0.171875,1.0013133126221,0.91033388887402,1.0013672777614
0.1734375,1.0013715539995,0.91039019873124,1.0014292186044
0.175,1.0014310912318,0.91044775235925,1.0014925275952
0.1765625,1.0014919297665,0.91050655576603,1.0015572113426
0.178125,1.0015540752661,0.91056661516143,1.0016232766776
0.1796875,1.0016175336027,0.91062793695219,1.0016907306474
0.18125,1.0016823108533,0.91069052773728,1.001759580511
0.1828125,1.0017484132945,0.91075439430314,1.0018298337335
0.184375,1.0018158473982,0.91081954361933,1.0019014979813
0.1859375,1.0018846198266,0.91088598283402,1.0019745811174
0.1875,1.001954737428,0.91095371926988,1.0020490911969
0.1890625,1.0020262072324,0.91102276041995,1.0021250364619
0.190625,1.0020990364472,0.91109311394357,1.0022024253379
0.1921875,1.002173232453,0.91116478766264,1.0022812664289
0.19375,1.0022488028001,0.91123778955776,1.0023615685135
0.1953125,1.0023257552041,0.91131212776466,1.0024433405411
0.196875,1.0024040975425,0.91138781057067,1.0025265916277
0.1984375,1.0024838378512,0.91146484641126,1.0026113310524
0.2,1.0025649843205,0.91154324386682,1.0026975682535
0.2015625,1.0026475452924,0.91162301165937,1.0027853128253
0.203125,1.0027315292565,0.91170415864947,1.0028745745144
0.2046875,1.0028169448477,0.91178669383326,1.0029653632166
0.20625,1.0029038008424,0.91187062633948,1.0030576889734
0.2078125,1.0029921061559,0.91195596542676,1.0031515619694
0.209375,1.0030818698393,0.9120427204808,1.0032469925289
0.2109375,1.0031731010771,0.91213090101177,1.0033439911129
0.2125,1.0032658091841,0.91222051665182,1.003442568317
0.2140625,1.0033600036028,0.91231157715254,1.0035427348678
0.215625,1.0034556939013,0.91240409238267,1.0036445016209
0.2171875,1.0035528897703,0.91249807232573,1.0037478795583
0.21875,1.0036516010212,0.91259352707786,1.0038528797856
0.2203125,1.0037518375837,0.91269046684575,1.0039595135303
0.221875,1.0038536095037,0.91278890194449,1.0040677921389
0.2234375,1.0039569269409,0.91288884279564,1.0041777270752
0.225,1.0040618001672,0.91299029992535,1.0042893299179
0.2265625,1.0041682395644,0.91309328396253,1.0044026123588
0.228125,1.0042762556226,0.91319780563705,1.0045175862007
0.2296875,1.0043858589383,0.91330387577813,1.0046342633559
0.23125,1.0044970602123,0.91341150531263,1.0047526558439
0.2328125,1.004609870249,0.91352070526364,1.00487277579
0.234375,1.0047242999538,0.91363148674884,1.0049946354237
0.2359375,1.0048403603321,0.91374386097922,1.0051182470771
0.2375,1.0049580624877,0.91385783925757,1.0052436231833
0.2390625,1.0050774176216,0.9139734329774,1.0053707762751
0.240625,1.0051984370305,0.91409065362153,1.0054997189837
0.2421875,1.0053211321053,0.91420951276096,1.0056304640371
0.24375,1.0054455143305,0.91433002205379,1.0057630242592
0.2453125,1.0055715952826,0.91445219324417,1.0058974125686
0.246875,1.0056993866291,0.91457603816123,1.0060336419773
0.2484375,1.0058289001276,0.91470156871822,1.00617172559
0.25,1.0059601476245,0.91482879691156,1.0063116766027
0.2515625,1.0060931410548,0.91495773482005,1.0064535083021
0.253125,1.0062278924402,0.91508839460395,1.0065972340643
0.2546875,1.0063644138892,0.91522078850445,1.0067428673549
0.25625,1.006502717596,0.91535492884285,1.0068904217271
0.2578125,1.0066428158395,0.91549082801994,1.0070399108219
0.259375,1.0067847209832,0.9156284985154,1.0071913483669
0.2609375,1.0069284454743,0.91576795288733,1.0073447481761
0.2625,1.0070740018431,0.91590920377168,1.0075001241488
0.2640625,1.0072214027024,0.9160522638818,1.00765749027
0.265625,1.0073706607476,0.91619714600811,1.0078168606089
0.2671875,1.0075217887554,0.91634386301768,1.0079782493195
0.26875,1.0076747995842,0.9164924278539,1.0081416706393
0.2703125,1.0078297061734,0.91664285353625,1.0083071388899
0.271875,1.0079865215431,0.91679515316008,1.0084746684761
0.2734375,1.0081452587941,0.91694933989626,1.0086442738859
0.275,1.0083059311073,0.91710542699131,1.0088159696904
0.2765625,1.008468551744,0.91726342776702,1.0089897705437
0.278125,1.0086331340454,0.91742335562052,1.0091656911826
0.2796875,1.0087996914328,0.91758522402426,1.0093437464267
0.28125,1.0089682374073,0.91774904652591,1.0095239511785
0.2828125,1.00913878555,0.91791483674847,1.0097063204233
0.284375,1.0093113495219,0.91808260839037,1.0098908692294
0.2859375,1.0094859430642,0.9182523752255,1.010077612748
0.2875,1.009662579998,0.91842415110345,1.0102665662138
0.2890625,1.009841274225,0.91859794994965,1.0104577449446
0.290625,1.0100220397271,0.91877378576558,1.0106511643421
0.2921875,1.010204890567,0.91895167262903,1.0108468398919
0.29375,1.0103898408884,0.91913162469444,1.0110447871639
0.2953125,1.0105769049161,0.91931365619313,1.0112450218124
0.296875,1.0107660969567,0.9194977814337,1.0114475595771
0.2984375,1.0109574313984,0.91968401480243,1.0116524162827
0.3,1.0111509227118,0.91987237076366,1.01185960784
0.3015625,1.0113465854504,0.92006286386025,1.0120691502463
0.303125,1.0115444342505,0.92025550871405,1.0122810595855
0.3046875,1.0117444838323,0.92045032002647,1.0124953520291
0.30625,1.0119467490002,0.92064731257891,1.0127120438368
0.3078125,1.012151244643,0.92084650123344,1.0129311513568
0.309375,1.0123579857351,0.92104790093332,1.0131526910267
0.3109375,1.0125669873367,0.92125152670367,1.013376679374
0.3125,1.0127782645942,0.92145739365207,1.0136031330173
0.3140625,1.0129918327416,0.92166551696932,1.0138320686663
0.315625,1.0132077071005,0.92187591193011,1.0140635031231
0.3171875,1.0134259030812,0.92208859389376,1.0142974532831
0.31875,1.0136464361833,0.922303578305,1.0145339361355
0.3203125,1.0138693219965,0.92252088069477,1.0147729687642
0.321875,1.0140945762015,0.92274051668102,1.0150145683491
0.3234375,1.0143222145706,0.92296250196959,1.0152587521665
0.325,1.0145522529688,0.92318685235501,1.0155055375905
0.3265625,1.0147847073547,0.92341358372151,1.0157549420937
0.328125,1.015019593781,0.92364271204391,1.0160069832483
0.3296875,1.0152569283962,0.92387425338853,1.0162616787274
0.33125,1.0154967274448,0.92410822391419,1.0165190463056
0.3328125,1.0157390072686,0.92434463987326,1.0167791038606
0.334375,1.0159837843079,0.92458351761262,1.0170418693739
0.3359375,1.0162310751024,0.92482487357478,1.0173073609323
0.3375,1.0164808962921,0.9250687242989,1.0175755967288
0.3390625,1.0167332646186,0.92531508642193,1.0178465950641
0.340625,1.0169881969261,0.92556397667971,1.0181203743477
0.3421875,1.0172457101629,0.92581541190823,1.0183969530991
0.34375,1.017505821382,0.92606940904465,1.0186763499491
0.3453125,1.0177685477425,0.92632598512859,1.0189585836414
0.346875,1.0180339065114,0.92658515730339,1.0192436730337
0.3484375,1.0183019150639,0.92684694281727,1.019531637099
0.35,1.0185725908853,0.92711135902464,1.0198224949271
0.3515625,1.018845951572,0.92737842338748,1.0201162657262
0.353125,1.0191220148332,0.9276481534765,1.0204129688242
0.3546875,1.0194007984918,0.92792056697265,1.0207126236699
0.35625,1.0196823204859,0.9281956816684,1.0210152498352
0.3578125,1.0199665988704,0.92847351546912,1.021320867016
0.359375,1.0202536518182,0.92875408639457,1.021629495034
0.3609375,1.0205434976217,0.92903741258024,1.0219411538383
0.3625,1.0208361546944,0.92932351227897,1.0222558635069
0.3640625,1.0211316415722,0.92961240386226,1.0225736442485
0.365625,1.0214299769148,0.92990410582191,1.0228945164041
0.3671875,1.0217311795077,0.93019863677144,1.0232185004486
0.36875,1.0220352682633,0.93049601544776,1.0235456169925
0.3703125,1.0223422622229,0.93079626071274,1.023875886784
0.371875,1.0226521805577,0.93109939155472,1.0242093307102
0.3734375,1.0229650425711,0.93140542709026,1.0245459697993
0.375,1.0232808677001,0.93171438656567,1.0248858252222
0.3765625,1.0235996755168,0.93202628935876,1.0252289182946
0.378125,1.0239214857304,0.93234115498056,1.0255752704786
0.3796875,1.0242463181887,0.93265900307699,1.0259249033847
0.38125,1.0245741928799,0.93297985343062,1.0262778387737
0.3828125,1.0249051299347,0.93330372596245,1.0266340985587
0.384375,1.0252391496275,0.9336306407337,1.0269937048071
0.3859375,1.0255762723788,0.93396061794765,1.0273566797424
0.3875,1.0259165187567,0.93429367795144,1.0277230457466
0.3890625,1.0262599094791,0.93462984123798,1.0280928253618
0.390625,1.0266064654153,0.93496912844784,1.0284660412926
0.3921875,1.0269562075878,0.93531156037108,1.0288427164082
0.39375,1.0273091571749,0.93565715794931,1.0292228737442
0.3953125,1.027665335512,0.93600594227761,1.0296065365054
0.396875,1.0280247640939,0.93635793460644,1.0299937280671
0.3984375,1.028387464577,0.93671315634385,1.0303844719782
0.4,1.0287534587808,0.93707162905728,1.030778791963
0.4015625,1.0291227686908,0.9374333744758,1.0311767119234
0.403125,1.0294954164598,0.93779841449215,1.0315782559414
0.4046875,1.0298714244104,0.93816677116481,1.0319834482813
0.40625,1.0302508150375,0.93853846672019,1.0323923133922
0.4078125,1.0306336110096,0.93891352355484,1.0328048759103
0.409375,1.0310198351721,0.93929196423753,1.0332211606613
0.4109375,1.0314095105486,0.93967381151156,1.0336411926627
0.4125,1.0318026603437,0.94005908829698,1.0340649971267
0.4140625,1.0321993079451,0.94044781769279,1.0344925994621
0.415625,1.032599476926,0.94084002297947,1.0349240252774
0.4171875,1.0330031910475,0.94123572762102,1.0353593003831
0.41875,1.0334104742608,0.94163495526751,1.0357984507943
0.4203125,1.0338213507096,0.94203772975731,1.036241502733
0.421875,1.034235844733,0.94244407511971,1.0366884826317
0.4234375,1.0346539808673,0.94285401557715,1.0371394171349
0.425,1.0350757838489,0.94326757554783,1.0375943331026
0.4265625,1.0355012786167,0.94368477964811,1.0380532576129
0.428125,1.0359304903148,0.94410565269512,1.0385162179646
0.4296875,1.0363634442947,0.94453021970923,1.0389832416802
0.43125,1.0368001661184,0.94495850591669,1.0394543565084
0.4328125,1.0372406815607,0.94539053675225,1.0399295904275
0.434375,1.0376850166121,0.94582633786177,1.0404089716479
0.4359375,1.0381331974814,0.94626593510492,1.0408925286154
0.4375,1.0385852505981,0.94670935455784,1.0413802900136
0.4390625,1.039041202616,0.94715662251592,1.0418722847675
0.440625,1.039501080415,0.94760776549659,1.0423685420463
0.4421875,1.0399649111048,0.94806281024207,1.0428690912663
0.44375,1.0404327220272,0.94852178372219,1.0433739620944
0.4453125,1.0409045407593,0.94898471313736,1.0438831844511
0.446875,1.0413803951163,0.94945162592132,1.0443967885135
0.4484375,1.0418603131543,0.94992254974419,1.0449148047186
0.45,1.0423443231738,0.95039751251537,1.0454372637669
0.4515625,1.0428324537222,0.95087654238657,1.0459641966252
0.453125,1.0433247335971,0.95135966775479,1.0464956345303
0.4546875,1.0438211918496,0.9518469172655,1.0470316089921
0.45625,1.044321857787,0.95233831981561,1.0475721517972
0.4578125,1.0448267609763,0.95283390455668,1.0481172950124
0.459375,1.0453359312475,0.95333370089813,1.0486670709879
0.4609375,1.0458493986965,0.95383773851041,1.0492215123615
0.4625,1.0463671936885,0.95434604732817,1.049780652061
0.4640625,1.0468893468617,0.95485865755373,1.0503445233091
0.465625,1.0474158891301,0.95537559966022,1.0509131596262
0.4671875,1.0479468516873,0.95589690439505,1.0514865948346
0.46875,1.0484822660098,0.95642260278335,1.0520648630617
0.4703125,1.0490221638606,0.95695272613127,1.0526479987444
0.471875,1.0495665772926,0.95748730602954,1.0532360366325
0.4734375,1.050115538652,0.95802637435705,1.0538290117928
0.475,1.0506690805824,0.95856996328431,1.0544269596127
0.4765625,1.0512272360281,0.95911810527714,1.0550299158049
0.478125,1.0517900382378,0.95967083310025,1.0556379164103
0.4796875,1.0523575207684,0.96022817982098,1.0562509978031
0.48125,1.0529297174888,0.96079017881299,1.0568691966943
0.4828125,1.0535066625839,0.96135686376011,1.0574925501361
0.484375,1.054088390558,0.96192826866002,1.058121095526
0.4859375,1.0546749362392,0.96250442782829,1.0587548706111
0.4875,1.0552663347831,0.96308537590221,1.0593939134924
0.4890625,1.055862621677,0.96367114784475,1.0600382626292
0.490625,1.0564638327436,0.96426177894848,1.0606879568433
0.4921875,1.0570700041455,0.96485730483981,1.0613430353238
0.49375,1.0576811723894,0.96545776148296,1.0620035376313
0.4953125,1.0582973743298,0.96606318518413,1.0626695037025
0.496875,1.0589186471737,0.96667361259571,1.0633409738553
0.4984375,1.0595450284849,0.96728908072054,1.0640179887926
0.5,1.0601765561881,0.96790962691618,1.0647005896078
0.5015625,1.0608132685735,0.9685352888993,1.0653888177892
0.503125,1.0614552043013,0.96916610475007,1.0660827152251
0.5046875,1.0621024024059,0.96980211291662,1.0667823242083
0.50625,1.0627549023011,0.97044335221951,1.0674876874415
0.5078125,1.063412743784,0.97108986185636,1.068198848042
0.509375,1.0640759670402,0.97174168140647,1.0689158495471
0.5109375,1.0647446126485,0.97239885083541,1.0696387359189
0.5125,1.0654187215853,0.97306141049985,1.0703675515498
0.5140625,1.0660983352299,0.97372940115234,1.0711023412676
0.515625,1.0667834953692,0.97440286394609,1.0718431503407
0.5171875,1.067474244203,0.97508184043996,1.072590024484
0.51875,1.0681706243483,0.97576637260343,1.0733430098638
0.5203125,1.0688726788454,0.97645650282153,1.0741021531037
0.521875,1.0695804511621,0.97715227390006,1.0748675012901
0.5234375,1.0702939851997,0.97785372907065,1.0756391019777
0.525,1.0710133252979,0.97856091199605,1.0764170031956
0.5265625,1.0717385162402,0.97927386677536,1.0772012534529
0.528125,1.0724696032593,0.97999263794949,1.0779919017444
0.5296875,1.0732066320428,0.98071727050637,1.078788997557
0.53125,1.0739496487385,0.98144780988664,1.0795925908753
0.5328125,1.0746986999604,0.98218430198906,1.080402732188
0.534375,1.0754538327938,0.98292679317625,1.0812194724939
0.5359375,1.0762150948017,0.9836753302803,1.0820428633083
0.5375,1.0769825340303,0.98442996060862,1.0828729566695
0.5390625,1.0777561990151,0.98519073194958,1.0837098051445
0.540625,1.0785361387867,0.9859576925787,1.0845534618366
0.5421875,1.079322402877,0.98673089126441,1.0854039803908
0.54375,1.0801150413254,0.98751037727421,1.0862614150016
0.5453125,1.0809141046848,0.98829620038083,1.0871258204189
0.546875,1.0817196440284,0.98908841086843,1.0879972519553
0.5484375,1.0825317109553,0.98988705953879,1.0888757654927
0.55,1.0833503575979,0.99069219771785,1.0897614174896
0.5515625,1.0841756366276,0.991503877262,1.0906542649882
0.553125,1.0850076012621,0.99232215056485,1.0915543656213
0.5546875,1.0858463052715,0.9931470705636,1.09246177762
0.55625,1.0866918029859,0.99397869074596,1.0933765598206
0.5578125,1.0875441493015,0.99481706515677,1.0942987716724
0.559375,1.0884033996881,0.99566224840502,1.0952284732455
0.5609375,1.0892696101959,0.99651429567072,1.0961657252378
0.5625,1.0901428374629,0.99737326271212,1.0971105889833
0.5640625,1.091023138722,0.99823920587267,1.0980631264599
0.565625,1.0919105718084,0.99911218208841,1.0990234002972
0.5671875,1.092805195167,0.9999922488952,1.0999914737847
0.56875,1.0937070678601,1.0008794644363,1.10096741088
0.5703125,1.094616249575,1.0017738874699,1.1019512762169
0.571875,1.0955328006315,1.0026755773765,1.1029431351142
0.5734375,1.0964567819903,1.0035845941671,1.1039430535838
0.575,1.0973882552601,1.0045009984905,1.1049510983395
0.5765625,1.0983272827067,1.0054248516415,1.1059673368057
0.578125,1.0992739272604,1.0063562155694,1.1069918371264
0.5796875,1.1002282525245,1.0072951528853,1.1080246681738
0.58125,1.1011903227839,1.0082417268709,1.109065899558
0.5828125,1.1021602030132,1.0091960014868,1.1101156016355
0.584375,1.1031379588856,1.010158041381,1.1111738455191
0.5859375,1.1041236567816,1.0111279118973,1.1122407030871
0.5875,1.1051173637977,1.0121056790843,1.1133162469927
0.5890625,1.1061191477556,1.0130914097038,1.1144005506742
0.590625,1.1071290772109,1.0140851712404,1.1154936883644
0.5921875,1.1081472214627,1.0150870319099,1.1165957351009
0.59375,1.1091736505628,1.0160970606691,1.117706766736
0.5953125,1.1102084353251,1.0171153272245,1.1188268599469
0.596875,1.1112516473351,1.0181419020421,1.1199560922464
0.5984375,1.1123033589598,1.0191768563571,1.1210945419928
0.6,1.1133636433575,1.0202202621832,1.1222422884015
0.6015625,1.1144325744877,1.0212653267726,1.1233918594499
0.603125,1.1155066658477,1.0223151962172,1.1245467158389
0.6046875,1.1165823733328,1.0233666506517,1.1257033157169
0.60625,1.1176596419573,1.024419637999,1.1268616017989
0.6078125,1.1187384183563,1.025474107626,1.1280215183886
0.609375,1.1198186506632,1.0265300102467,1.1291830112714
0.6109375,1.120900288411,1.0275872978421,1.1303460276263
0.6125,1.1219832824486,1.0286459235917,1.1315105159508
0.6140625,1.1230675848716,1.029705841815,1.1326764259965
0.615625,1.1241531489615,1.0307670079209,1.133843708713
0.6171875,1.1252399291322,1.0318293783614,1.1350123161976
0.61875,1.1263278808833,1.0328929105913,1.1361822016504
0.6203125,1.1274169607569,1.0339575630307,1.1373533193337
0.621875,1.1285071262996,1.0350232950313,1.1385256245344
0.6234375,1.1295983360262,1.0360900668448,1.1396990735293
0.625,1.1306905493876,1.0371578395939,1.1408736235533
0.6265625,1.1317837267398,1.038226575245,1.1420492327695
0.628125,1.1328778293156,1.0392962365828,1.1432258602411
0.6296875,1.1339728191978,1.040366787186,1.1444034659046
0.63125,1.1350686592938,1.0414381914047,1.1455820105452
0.6328125,1.1361653133123,1.042510414339,1.146761455773
0.634375,1.1372627457398,1.0435834218187,1.1479417640006
0.6359375,1.13836092182,1.044657180383,1.1491228984213
0.6375,1.1394598075328,1.045731657263,1.1503048229893
0.6390625,1.1405593695752,1.0468068203631,1.1514875023994
0.640625,1.1416595753422,1.0478826382448,1.1526709020692
0.6421875,1.1427603929091,1.0489590801093,1.1538549881203
0.64375,1.1438617910145,1.0500361157831,1.1550397273615
0.6453125,1.144963739044,1.0511137157021,1.1562250872723
0.646875,1.1460662070139,1.0521918508973,1.1574110359871
0.6484375,1.1471691655562,1.0532704929811,1.1585975422792
0.65000000000001,1.1482725859044,1.0543496141336,1.159784575547
0.65156250000001,1.1493764398788,1.0554291870898,1.1609721057988
0.65312500000001,1.1504806998731,1.056509185127,1.1621601036397
0.65468750000001,1.1515853388413,1.0575895820527,1.1633485402579
0.65625000000001,1.1526903302848,1.0586703521927,1.1645373874119
0.65781250000001,1.1537956482404,1.05975147038,1.165726617418
0.65937500000001,1.1549012672683,1.0608329119439,1.1669162031383
0.66093750000001,1.1560071624403,1.061914652699,1.1681061179689
0.66250000000001,1.1571133093288,1.0629966689351,1.1692963358286
0.66406250000001,1.1582196839963,1.0640789374069,1.1704868311476
0.66562500000001,1.1593262629843,1.0651614353248,1.1716775788573
0.66718750000001,1.1604330233035,1.0662441403449,1.1728685543794
0.66875000000001,1.1615399424238,1.06732703056,1.174059733616
0.67031250000001,1.1626469982648,1.0684100844908,1.1752510929398
0.67187500000001,1.163754169186,1.0694932810769,1.1764426091846
0.67343750000001,1.1648614339782,1.0705765996686,1.1776342596354
0.67500000000001,1.1659687718544,1.0716600200185,1.1788260220204
0.67656250000001,1.1670761624412,1.0727435222736,1.180017874501
0.67812500000001,1.1681835857705,1.0738270869673,1.1812097956641
0.67968750000001,1.1692910222712,1.074910695012,1.1824017645132
0.68125000000001,1.1703984527613,1.0759943276914,1.1835937604605
0.68281250000001,1.1715058584403,1.0770779666535,1.1847857633188
0.68437500000001,1.1726132208812,1.0781615939033,1.1859777532937
0.68593750000001,1.1737205220237,1.0792451917963,1.1871697109759
0.68750000000001,1.1748277441665,1.0803287430311,1.1883616173343
0.68906250000001,1.1759348699605,1.0814122306436,1.189553453708
0.69062500000001,1.1770418824021,1.0824956379998,1.1907452017998
0.69218750000001,1.1781487648261,1.0835789487903,1.1919368436693
0.69375000000001,1.1792555008997,1.0846621470235,1.1931283617258
0.69531250000001,1.1803620746155,1.08574521702,1.1943197387219
0.69687500000001,1.1814684702859,1.0868281434066,1.1955109577473
0.69843750000001,1.1825746725366,1.0879109111108,1.1967020022219
0.70000000000001,1.1836806663006,1.0889935053549,1.1978928558903
0.70156250000001,1.1847864368129,1.0900759116505,1.1990835028155
0.70312500000001,1.1858919696042,1.0911581157937,1.200273927373
0.70468750000001,1.1869972504956,1.092240103859,1.2014641142449
0.70625000000001,1.1881022655933,1.0933218621952,1.2026540484147
0.70781250000001,1.1892070012831,1.0944033774194,1.2038437151613
0.70937500000001,1.1903114442253,1.0954846364127,1.205033100054
0.71093750000001,1.1914155813494,1.0965656263153,1.2062221889468
0.71250000000001,1.1925193998496,1.0976463345216,1.2074109679738
0.71406250000001,1.1936228871792,1.0987267486759,1.2085994235434
0.71562500000001,1.1947260310466,1.0998068566675,1.2097875423343
0.71718750000001,1.1958288194102,1.1008866466269,1.2109753112896
0.71875000000001,1.1969312404738,1.1019661069208,1.2121627176128
0.72031250000001,1.1980332826823,1.1030452261481,1.2133497487629
0.72187500000001,1.1991349347171,1.1041239931361,1.2145363924497
0.72343750000001,1.2002361854923,1.105202396936,1.2157226366296
0.72500000000001,1.2013370241499,1.106280426819,1.2169084695009
0.72656250000001,1.2024374400559,1.1073580722727,1.2180938795
0.72812500000001,1.2035374227966,1.1084353229969,1.2192788552966
0.72968750000001,1.2046369621739,1.1095121688999,1.2204633857899
0.73125000000001,1.2057360482024,1.1105886000952,1.2216474601048
0.73281250000001,1.2068346711046,1.1116646068975,1.2228310675872
0.73437500000001,1.207932821308,1.1127401798191,1.2240141978011
0.73593750000001,1.209030489441,1.113815309567,1.2251968405238
0.73750000000001,1.2101276663295,1.114889987039,1.2263789857429
0.73906250000001,1.2112243429933,1.1159642033203,1.2275606236523
0.74062500000001,1.2123205106426,1.1170379496807,1.2287417446488
0.74218750000001,1.213416160675,1.1181112175712,1.2299223393283
0.74375000000001,1.2145112846718,1.1191839986206,1.2311023984826
0.74531250000001,1.2156058743949,1.1202562846327,1.232281913096
0.74687500000001,1.2166999217837,1.1213280675834,1.2334608743417
0.74843750000001,1.217793418952,1.1223993396172,1.234639273579
0.75000000000001,1.2188863581846,1.123470093045,1.2358171023495
0.75156250000001,1.2199787319348,1.1245403203406,1.2369943523746
0.75312500000001,1.2210705328212,1.1256100141383,1.2381710155521
0.75468750000001,1.2221617536249,1.1266791672301,1.2393470839531
0.75625000000001,1.2232523872866,1.1277477725628,1.2405225498191
0.75781250000001,1.2243424269037,1.1288158232357,1.2416974055593
0.75937500000001,1.225431865728,1.1298833124976,1.2428716437473
0.76093750000001,1.2265206971626,1.1309502337445,1.2440452571189
0.76250000000001,1.2276089147595,1.1320165805172,1.2452182385689
0.76406250000001,1.2286965122171,1.1330823464984,1.2463905811483
0.76562500000001,1.2297834833773,1.134147525511,1.2475622780621
0.76718750000001,1.2308698222235,1.1352121115149,1.2487333226664
0.76875000000001,1.2319555228778,1.1362760986053,1.2499037084659
0.77031250000001,1.2330405795988,1.1373394810103,1.2510734291114
0.77187500000001,1.2341249867794,1.1384022530884,1.2522424783973
0.77343750000001,1.2352087389441,1.1394644093265,1.2534108502592
0.77500000000001,1.236291830747,1.1405259443378,1.2545785387716
0.77656250000001,1.2373742569696,1.1415868528596,1.2557455381455
0.77812500000001,1.2384560125186,1.142647129751,1.2569118427261
0.77968750000001,1.2395370924238,1.1437067699914,1.2580774469906
0.78125000000001,1.2406174918357,1.144765768678,1.2592423455458
0.78281250000001,1.241697206024,1.1458241210238,1.2604065331262
0.78437500000001,1.242776230375,1.1468818223561,1.2615700045917
0.78593750000001,1.24385456039,1.1479388681144,1.2627327549258
0.78750000000001,1.2449321916834,1.1489952538482,1.263894779233
0.78906250000001,1.2460091199802,1.1500509752156,1.2650560727372
0.79062500000001,1.2470853411149,1.1511060279813,1.2662166307795
0.79218750000001,1.2481608510292,1.152160408015,1.2673764488165
0.79375000000001,1.2492356457702,1.1532141112893,1.2685355224182
0.79531250000001,1.2503097214887,1.1542671338783,1.2696938472661
0.79687500000001,1.2513830744375,1.1553194719558,1.2708514191514
0.79843750000001,1.2524557009695,1.1563711217938,1.2720082339732
0.80000000000001,1.2535275975365,1.1574220797606,1.2731642877367
0.80156250000001,1.2545987606866,1.1584723423195,1.2743195765514
0.80312500000001,1.2556691870637,1.1595219060269,1.2754740966296
0.80468750000001,1.256738873405,1.1605707675311,1.2766278442842
0.80625000000001,1.2578078165399,1.1616189235706,1.2777808159277
0.80781250000001,1.2588760133882,1.1626663709727,1.27893300807
0.80937500000001,1.2599434609589,1.1637131066519,1.2800844173171
0.81093750000001,1.2610101563484,1.1647591276085,1.2812350403694
0.81250000000001,1.2620760967391,1.1658044309275,1.2823848740202
0.81406250000001,1.2631412793981,1.1668490137766,1.2835339151543
0.81562500000001,1.2642057016756,1.1678928734055,1.284682160746
0.81718750000001,1.2652693610038,1.168936007144,1.2858296078584
0.81875000000001,1.266332254895,1.1699784124012,1.2869762536413
0.82031250000001,1.2673943809408,1.1710200866636,1.2881220953299
0.82187500000001,1.2684557368106,1.1720610274943,1.2892671302437
0.82343750000001,1.26951632025,1.1731012325317,1.2904113557849
0.82500000000001,1.2705761290802,1.1741406994882,1.291554769437
0.82656250000001,1.2716351611959,1.1751794261486,1.2926973687635
0.82812500000001,1.2726934145648,1.1762174103698,1.2938391514068
0.82968750000001,1.273750887226,1.1772546500787,1.2949801150865
0.83125000000001,1.2748075772887,1.1782911432715,1.2961202575986
0.83281250000001,1.2758634829316,1.1793268880127,1.2972595768139
0.83437500000001,1.2769186024011,1.1803618824337,1.298398070677
0.83593750000001,1.2779729340104,1.1813961247317,1.2995357372049
0.83750000000001,1.2790264761387,1.182429613169,1.3006725744859
0.83906250000001,1.2800792272295,1.1834623460715,1.3018085806786
0.84062500000001,1.2811311857901,1.1844943218278,1.3029437540105
0.84218750000001,1.2821823503901,1.1855255388882,1.3040780927771
0.84375000000001,1.2832327196608,1.186555995764,1.3052115953404
0.84531250000001,1.2842822922937,1.1875856910259,1.3063442601284
0.84687500000001,1.2853310670398,1.1886146233033,1.3074760856336
0.84843750000001,1.2863790427086,1.1896427912837,1.3086070704121
0.85000000000001,1.2874262181669,1.1906701937112,1.3097372130824
0.85156250000001,1.2884725923383,1.191696829386,1.3108665123246
0.85312500000001,1.2895181642016,1.192722697163,1.3119949668793
0.85468750000001,1.2905629327905,1.1937477959515,1.3131225755466
0.85625000000001,1.2916068971924,1.194772124714,1.3142493371854
0.85781250000001,1.2926500565474,1.1957956824652,1.3153752507117
0.85937500000001,1.2936924100477,1.1968184682714,1.3165003150986
0.86093750000001,1.2947339569366,1.1978404812497,1.3176245293747
0.86250000000001,1.2957746965074,1.1988617205668,1.3187478926235
0.86406250000001,1.2968146281032,1.1998821854386,1.3198704039824
0.86562500000001,1.2978537511152,1.2009018751291,1.320992062642
0.86718750000001,1.2988920649829,1.2019207889499,1.3221128678449
0.86875000000001,1.2999295691923,1.2029389262593,1.3232328188852
0.87031250000001,1.3009662632759,1.2039562864611,1.3243519151073
0.87187500000001,1.3020021468114,1.2049728690049,1.3254701559054
0.87343750000001,1.3030372194213,1.2059886733842,1.3265875407226
0.87500000000001,1.3040714807721,1.2070036991364,1.3277040690501
0.87656250000001,1.3051049305731,1.208017945842,1.3288197404262
0.87812500000001,1.3061375685765,1.2090314131235,1.3299345544359
0.87968750000001,1.307169394576,1.2100441006453,1.3310485107098
0.88125000000001,1.3082004084064,1.2110560081124,1.3321616089237
0.88281250000001,1.3092306099428,1.2120671352704,1.3332738487975
0.88437500000001,1.3102599991002,1.2130774819042,1.3343852300946
0.88593750000001,1.3112885758323,1.2140870478378,1.3354957526216
0.88750000000001,1.3123163401313,1.2150958329333,1.3366054162266
0.88906250000001,1.3133432920272,1.2161038370907,1.3377142207998
0.89062500000001,1.314369431587,1.217111060247,1.3388221662717
0.89218750000001,1.3153947589143,1.2181175023755,1.339929252613
0.89375000000001,1.3164192741483,1.2191231634856,1.3410354798341
0.89531250000001,1.3174429774635,1.2201280436216,1.3421408479838
0.89687500000001,1.3184658690693,1.221132142863,1.3432453571493
0.89843750000001,1.3194879492088,1.2221354613228,1.3443490074551
0.90000000000001,1.3205092181588,1.2231379991481,1.3454517990629
0.90156250000001,1.3215296762291,1.2241397565186,1.3465537321705
0.90312500000001,1.3225493237616,1.2251407336467,1.3476548070113
0.90468750000001,1.3235681611303,1.2261409307765,1.3487550238542
0.90625000000001,1.3245861887402,1.2271403481838,1.3498543830021
0.90781250000001,1.3256034070273,1.2281389861748,1.3509528847923
0.90937500000001,1.3266198164576,1.2291368450866,1.3520505295953
0.91093750000001,1.3276354175269,1.2301339252858,1.3531473178144
0.91250000000001,1.3286502107603,1.2311302271684,1.3542432498852
0.91406250000001,1.3296641967114,1.2321257511594,1.3553383262753
0.91562500000001,1.3306773759623,1.233120497712,1.3564325474832
0.91718750000001,1.3316897491224,1.2341144673076,1.3575259140383
0.91875000000001,1.3327013168288,1.2351076604548,1.3586184265003
0.92031250000001,1.333712079745,1.2361000776893,1.3597100854582
0.92187500000001,1.3347220385612,1.2370917195733,1.3608008915307
0.92343750000001,1.3357311939931,1.2380825866953,1.3618908453648
0.92500000000001,1.3367395467821,1.2390726796692,1.3629799476361
0.92656250000001,1.3377470976945,1.2400619991342,1.3640681990476
0.92812500000001,1.3387538475211,1.2410505457544,1.3651556003298
0.92968750000001,1.3397597970769,1.2420383202183,1.3662421522401
0.93125000000001,1.3407649472005,1.2430253232382,1.3673278555621
0.93281250000001,1.3417692987539,1.2440115555503,1.3684127111053
0.93437500000001,1.3427728526221,1.2449970179137,1.369496719705
0.93593750000001,1.3437756097123,1.2459817111103,1.3705798822214
0.93750000000001,1.344777570954,1.2469656359447,1.3716621995392
0.93906250000001,1.3457787372984,1.2479487932432,1.3727436725675
0.94062500000001,1.3467791097179,1.2489311838538,1.3738243022391
0.94218750000001,1.3477786892061,1.2499128086458,1.3749040895104
0.94375000000001,1.348777476777,1.2508936685097,1.3759830353606
0.94531250000001,1.3497754734647,1.2518737643561,1.3770611407917
0.94687500000001,1.3507726803235,1.252853097116,1.3781384068276
0.94843750000001,1.351769098427,1.2538316677404,1.3792148345145
0.95000000000001,1.3527647288679,1.2548094771996,1.3802904249196
0.95156250000001,1.353759572758,1.2557865264833,1.3813651791316
0.95312500000001,1.3547536312272,1.2567628165998,1.3824390982597
0.95468750000001,1.3557469054238,1.257738348576,1.3835121834336
0.95625000000001,1.3567393965139,1.2587131234572,1.3845844358029
0.95781250000001,1.3577311056811,1.2596871423063,1.385655856537
0.95937500000001,1.3587220341263,1.260660406204,1.3867264468244
0.96093750000001,1.359712183067,1.2616329162482,1.387796207873
0.96250000000001,1.3607015537374,1.2626046735537,1.388865140909
0.96406250000001,1.3616901473882,1.2635756792519,1.3899332471771
0.96562500000001,1.3626779652857,1.2645459344908,1.3910005279399
0.96718750000001,1.3636650087121,1.2655154404343,1.3920669844777
0.96875000000001,1.364651278965,1.2664841982622,1.3931326180884
0.97031250000001,1.365636777357,1.2674522091697,1.3941974300866
0.97187500000001,1.3666215052156,1.2684194743674,1.3952614218041
0.97343750000001,1.3676054638828,1.2693859950807,1.3963245945888
0.97500000000001,1.3685886547151,1.2703517725499,1.3973869498049
0.97656250000001,1.3695710790826,1.2713168080295,1.3984484888325
0.97812500000001,1.3705527383696,1.2722811027885,1.3995092130673
0.97968750000001,1.3715336339735,1.2732446581094,1.4005691239203
0.98125000000001,1.3725137673053,1.2742074752887,1.4016282228176
0.98281250000001,1.3734931397887,1.2751695556363,1.4026865111999
0.98437500000001,1.3744717528604,1.2761309004751,1.4037439905226
0.98593750000001,1.3754496079693,1.277091511141,1.404800662255
0.98750000000001,1.3764267065768,1.2780513889826,1.4058565278809
0.98906250000001,1.3774030501563,1.2790105353611,1.4069115888972
0.99062500000001,1.3783786401928,1.2799689516498,1.4079658468148
0.99218750000001,1.3793534781831,1.2809266392339,1.4090193031573
0.99375000000001,1.3803275656351,1.2818835995107,1.4100719594618
0.99531250000001,1.3813009040682,1.2828398338888,1.4111238172776
0.99687500000001,1.3822734950122,1.2837953437881,1.4121748781669
0.99843750000001,1.383245340008,1.2847501306399,1.4132251437038
1,1.3842164406067,1.2857041958861,1.4142746154747
1.0015625,1.3851867983698,1.2866488243479,1.4153137067827
1.003125,1.3861517667106,1.2875882027441,1.4163470230185
1.0046875,1.3871066739948,1.2885180243245,1.4173698267569
1.00625,1.3880514562269,1.2894382298952,1.4183820528847
1.0078125,1.3889860518877,1.2903487624189,1.4193836386608
1.009375,1.3899104017804,1.2912495668964,1.420374523586
1.0109375,1.3908244489087,1.2921405902711,1.4213546492982
1.0125,1.391728138376,1.2930217813491,1.422323959484
1.0140625,1.3926214173024,1.2938930907315,1.4232823998046
1.015625,1.3935042347527,1.2947544707563,1.4242299178319
1.0171875,1.3943765416746,1.2956058754467,1.4251664629914
1.01875,1.3952382908433,1.2964472604654,1.4260919865119
1.0203125,1.3960894368127,1.297278583073,1.4270064413803
1.021875,1.3969299358701,1.2980998020906,1.4279097822996
1.0234375,1.3977597459954,1.298910877865,1.4288019656515
1.025,1.3985788268236,1.2997117722367,1.4296829494604
1.0265625,1.399387139609,1.3005024485099,1.4305526933609
1.028125,1.4001846471923,1.3012828714246,1.431411158567
1.0296875,1.4009713139704,1.30205300713,1.432258307843
1.03125,1.4017471058662,1.3028128231604,1.4330941054765
1.0328125,1.4025119903017,1.303562288411,1.4339185172521
1.034375,1.4032659361716,1.3043013731157,1.4347315104273
1.0359375,1.404008913818,1.3050300488264,1.4355330537091
1.0375,1.4047408950072,1.305748288392,1.4363231172312
1.0390625,1.4054618529062,1.3064560659396,1.4371016725335
1.040625,1.4061717620615,1.3071533568554,1.4378686925409
1.0421875,1.4068705983778,1.3078401377675,1.4386241515443
1.04375,1.4075583390979,1.3085163865284,1.4393680251812
1.0453125,1.4082349627835,1.3091820821982,1.440100290418
1.046875,1.4089004492961,1.3098372050294,1.4408209255324
1.0484375,1.4095547797793,1.3104817364509,1.441529910096
1.05,1.4101979366413,1.3111156590533,1.4422272249586
1.0515625,1.4108299035377,1.3117389565744,1.4429128522318
1.053125,1.4114506653552,1.3123516138854,1.443586775274
1.0546875,1.4120602081959,1.312953616977,1.4442489786747
1.05625,1.4126585193615,1.3135449529463,1.4448994482409
1.0578125,1.4132455873384,1.314125609984,1.4455381709824
1.059375,1.4138214017829,1.3146955773615,1.4461651350976
1.0609375,1.4143859535068,1.3152548454189,1.4467803299608
1.0625,1.4149392344638,1.3158034055528,1.4473837461081
1.0640625,1.4154812377354,1.3163412502049,1.4479753752254
1.065625,1.4160119575177,1.3168683728498,1.4485552101347
1.0671875,1.4165313891083,1.3173847679844,1.4491232447828
1.06875,1.4170395288936,1.3178904311167,1.4496794742283
1.0703125,1.4175363743361,1.3183853587544,1.4502238946299
1.071875,1.4180219239619,1.3188695483951,1.4507565032346
1.0734375,1.4184961773487,1.3193429985147,1.4512772983662
1.075,1.4189591351142,1.3198057085582,1.451786279414
1.0765625,1.4194107989037,1.3202576789286,1.4522834468214
1.078125,1.4198511713791,1.320698910977,1.4527688020748
1.0796875,1.4202802562073,1.3211294069934,1.4532423476927
1.08125,1.420698058049,1.3215491701957,1.4537040872153
1.0828125,1.4211045825476,1.3219582047211,1.4541540251932
1.084375,1.4214998363182,1.3223565156158,1.4545921671774
1.0859375,1.4218838269371,1.322744108826,1.4550185197086
1.0875,1.4222565629309,1.3231209911882,1.455433090307
1.0890625,1.422618053766,1.3234871704201,1.4558358874621
1.090625,1.422968309838,1.3238426551114,1.4562269206225
1.0921875,1.4233073424618,1.3241874547145,1.456606200186
1.09375,1.4236351638611,1.3245215795358,1.4569737374894
1.0953125,1.4239517871582,1.3248450407265,1.4573295447992
1.096875,1.4242572263642,1.3251578502738,1.4576736353012
1.0984375,1.4245514963689,1.3254600209919,1.458006023091
1.1,1.424834612931,1.3257515665134,1.4583267231647
1.1015625,1.4251065926683,1.3260325012807,1.4586357514088
1.103125,1.4253674530481,1.3263028405372,1.4589331245909
1.1046875,1.4256172123773,1.3265626003185,1.4592188603504
1.10625,1.4258558897932,1.3268117974443,1.4594929771887
1.1078125,1.4260835052537,1.3270504495095,1.4597554944604
1.109375,1.4263000795281,1.3272785748758,1.4600064323634
1.1109375,1.4265056341874,1.3274961926638,1.4602458119302
1.1125,1.4267001915953,1.3277033227437,1.460473655018
1.1140625,1.4268837748989,1.3278999857276,1.4606899843003
1.115625,1.4270564080192,1.3280862029613,1.4608948232574
1.1171875,1.4272181156423,1.3282619965154,1.461088196167
1.11875,1.4273689232099,1.3284273891778,1.4612701280956
1.1203125,1.4275088569107,1.3285824044449,1.4614406448894
1.121875,1.4276379436708,1.3287270665138,1.4615997731651
1.1234375,1.4277562111454,1.3288614002739,1.4617475403013
1.125,1.4278636877092,1.3289854312991,1.461883974429
1.1265625,1.4279604024478,1.3290991858394,1.4620091044234
1.128125,1.4280463851488,1.3292026908131,1.4621229598944
1.1296875,1.4281216662932,1.3292959737985,1.4622255711784
1.13125,1.428186277046,1.3293790630261,1.4623169693287
1.1328125,1.4282402492483,1.3294519873706,1.4623971861077
1.134375,1.4282836154076,1.3295147763428,1.4624662539771
1.1359375,1.42831640869,1.3295674600818,1.46252420609
1.1375,1.428338662911,1.329610069347,1.4625710762817
1.1390625,1.428350412527,1.3296426355104,1.4626068990614
1.140625,1.4283516926267,1.3296651905483,1.4626317096031
1.1421875,1.4283425389229,1.329677767034,1.4626455437374
1.14375,1.4283229877432,1.3296803981295,1.4626484379425
1.1453125,1.428293076022,1.329673117578,1.4626404293359
1.146875,1.4282528412923,1.329655959696,1.4626215556656
1.1484375,1.4282023216766,1.3296289593654,1.462591855302
1.15,1.4281415558789,1.3295921520262,1.4625513672289
1.1515625,1.4280705831761,1.3295455736682,1.462500131035
1.153125,1.42798944341,1.3294892608236,1.462438186906
1.1546875,1.4278981769783,1.3294232505593,1.4623655756152
1.15625,1.4277968248272,1.3293475804692,1.4622823385162
1.1578125,1.427685428442,1.3292622886667,1.4621885175333
1.159375,1.4275640298401,1.3291674137766,1.4620841551543
1.1609375,1.4274326715617,1.3290629949282,1.461969294421
1.1625,1.4272913966622,1.3289490717471,1.4618439789218
1.1640625,1.4271402487039,1.328825684348,1.4617082527828
1.165625,1.4269792717477,1.3286928733269,1.4615621606596
1.1671875,1.4268085103452,1.328550679754,1.4614057477293
1.16875,1.4266280095307,1.3283991451654,1.461239059682
1.1703125,1.4264378148125,1.3282383115567,1.4610621427124
1.171875,1.4262379721657,1.3280682213745,1.460875043512
1.1734375,1.4260285280237,1.3278889175097,1.4606778092607
1.175,1.4258095292703,1.3277004432897,1.4604704876186
1.1765625,1.4255810232318,1.3275028424709,1.460253126718
1.178125,1.425343057669,1.3272961592319,1.4600257751551
1.1796875,1.4250956807694,1.3270804381656,1.4597884819821
1.18125,1.4248389411393,1.3268557242718,1.459541296699
1.1828125,1.4245728877959,1.3266220629506,1.4592842692456
1.184375,1.4242975701596,1.3263794999942,1.4590174499936
1.1859375,1.4240130380461,1.3261280815805,1.4587408897385
1.1875,1.4237193416587,1.325867854265,1.4584546396915
1.1890625,1.4234165315805,1.3255988649745,1.4581587514719
1.190625,1.4231046587669,1.3253211609991,1.457853277099
1.1921875,1.4227837745377,1.3250347899854,1.457538268984
1.19375,1.4224539305697,1.3247397999297,1.4572137799226
1.1953125,1.4221151788889,1.32443623917,1.456879863087
1.196875,1.4217675718629,1.3241241563799,1.4565365720179
1.1984375,1.4214111621937,1.3238036005609,1.456183960617
1.2,1.4210460029098,1.3234746210354,1.455822083139
1.2015625,1.4206721473589,1.3231372674402,1.4554509941842
1.203125,1.4202896492003,1.3227915897188,1.4550707486907
1.2046875,1.4198985623979,1.322437638115,1.4546814019265
1.20625,1.4194989412123,1.3220754631658,1.4542830094823
1.2078125,1.4190908401937,1.3217051156943,1.4538756272637
1.209375,1.4186743141747,1.3213266468032,1.4534593114836
1.2109375,1.4182494182628,1.3209401078679,1.4530341186547
1.2125,1.4178162078333,1.3205455505292,1.4526001055821
1.2140625,1.4173747385219,1.3201430266871,1.4521573293558
1.215625,1.4169250662179,1.319732588494,1.4517058473434
1.2171875,1.4164672470567,1.3193142883477,1.4512457171824
1.21875,1.4160013374127,1.3188881788847,1.4507769967731
1.2203125,1.4155273938926,1.3184543129739,1.4502997442713
1.221875,1.4150454733279,1.3180127437097,1.4498140180806
1.2234375,1.4145556327682,1.3175635244055,1.449319876846
1.225,1.4140579294741,1.317106708587,1.4488173794457
1.2265625,1.4135524209106,1.3166423499861,1.4483065849847
1.228125,1.4130391647397,1.3161705025338,1.4477875527872
1.2296875,1.4125182188138,1.3156912203542,1.4472603423896
1.23125,1.4119896411691,1.3152045577579,1.4467250135337
1.2328125,1.4114534900186,1.3147105692357,1.4461816261592
1.234375,1.4109098237452,1.314209309452,1.4456302403972
1.2359375,1.4103587008956,1.313700833239,1.4450709165629
1.2375,1.4098001801729,1.3131851955898,1.4445037151488
1.2390625,1.4092343204305,1.3126624516526,1.4439286968179
1.240625,1.4086611806657,1.3121326567243,1.4433459223967
1.2421875,1.4080808200123,1.3115958662443,1.4427554528687
1.24375,1.4074932977353,1.3110521357885,1.4421573493674
1.2453125,1.4068986732234,1.3105015210632,1.4415516731695
1.246875,1.4062970059833,1.3099440778988,1.4409384856887
1.2484375,1.405688355633,1.3093798622441,1.4403178484685
1.25,1.4050727818955,1.30880893016,1.439689823176
1.2515625,1.4044503445927,1.308231337814,1.4390544715954
1.253125,1.4038211036391,1.3076471414738,1.4384118556212
1.2546875,1.4031851190354,1.3070563975016,1.4377620372518
1.25625,1.4025424508628,1.3064591623485,1.4371050785834
1.2578125,1.4018931592764,1.3058554925484,1.4364410418033
1.259375,1.4012373044995,1.3052454447125,1.4357699891838
1.2609375,1.4005749468173,1.3046290755234,1.4350919830758
1.2625,1.3999061465715,1.3040064417296,1.4344070859026
1.2640625,1.3992309641536,1.3033776001397,1.4337153601537
1.265625,1.3985494599996,1.302742607617,1.4330168683787
1.2671875,1.3978616945838,1.3021015210738,1.4323116731812
1.26875,1.3971677284135,1.301454397466,1.4315998372126
1.2703125,1.3964676220226,1.3008012937877,1.4308814231664
1.271875,1.3957614359666,1.3001422670655,1.4301564937721
1.2734375,1.3950492308165,1.2994773743536,1.429425111789
1.275,1.3943310671532,1.2988066727281,1.4286873400009
1.2765625,1.3936070055622,1.2981302192817,1.4279432412099
1.278125,1.3928771066281,1.2974480711188,1.4271928782307
1.2796875,1.3921414309288,1.2967602853499,1.4264363138849
1.28125,1.3914000390305,1.2960669190867,1.4256736109954
1.2828125,1.390652991482,1.295368029437,1.4249048323807
1.284375,1.3899003488097,1.2946636734994,1.4241300408494
1.2859375,1.3891421715121,1.2939539083587,1.4233492991946
1.2875,1.3883785200547,1.2932387910803,1.4225626701883
1.2890625,1.3876094548647,1.2925183787059,1.4217702165765
1.290625,1.3868350363261,1.2917927282484,1.4209720010732
1.2921875,1.3860553247747,1.2910618966866,1.4201680863553
1.29375,1.3852703804925,1.2903259409613,1.4193585350575
1.2953125,1.3844802637034,1.2895849179699,1.4185434097669
1.296875,1.3836850345681,1.2888388845617,1.4177227730178
1.2984375,1.3828847531789,1.2880878975335,1.4168966872868
1.3,1.3820794795554,1.2873320136249,1.4160652149874
1.3015625,1.3812692736392,1.2865712895139,1.4152284184653
1.303125,1.3804541952897,1.2858057818119,1.4143863599931
1.3046875,1.3796343042789,1.2850355470597,1.4135391017657
1.30625,1.3788096602873,1.284260641723,1.4126867058953
1.3078125,1.3779803228991,1.2834811221877,1.4118292344064
1.309375,1.3771463515973,1.2826970447559,1.4109667492315
1.3109375,1.3763078057601,1.2819084656417,1.4100993122058
1.3125,1.3754647446556,1.2811154409664,1.4092269850631
1.3140625,1.3746172274381,1.2803180267551,1.4083498294306
1.315625,1.3737653131434,1.2795162789318,1.407467906825
1.3171875,1.3729090606845,1.2787102533158,1.4065812786474
1.31875,1.3720485288477,1.2779000056176,1.4056900061793
1.3203125,1.3711837762883,1.2770855914345,1.4047941505779
1.321875,1.3703148615261,1.2762670662471,1.4038937728718
1.3234375,1.3694418429423,1.2754444854154,1.4029889339569
1.325,1.3685647787743,1.2746179041744,1.4020796945918
1.3265625,1.3676837271126,1.2737873776309,1.401166115394
1.328125,1.3667987458967,1.2729529607596,1.4002482568355
1.3296875,1.3659098929108,1.2721147083989,1.3993261792388
1.33125,1.3650172257808,1.2712726752479,1.3983999427727
1.3328125,1.3641208019697,1.2704269158625,1.3974696074487
1.334375,1.3632206787746,1.2695774846516,1.3965352331168
1.3359375,1.3623169133226,1.2687244358739,1.3955968794613
1.3375,1.3614095625673,1.2678678236343,1.3946546059978
1.3390625,1.3604986832853,1.2670077018805,1.3937084720686
1.340625,1.3595843320727,1.2661441243995,1.3927585368394
1.3421875,1.3586665653418,1.2652771448144,1.3918048592958
1.34375,1.3577454393173,1.264406816581,1.3908474982391
1.3453125,1.3568210100333,1.2635331929846,1.3898865122831
1.346875,1.3558933333298,1.2626563271371,1.3889219598508
1.3484375,1.3549624648497,1.2617762719731,1.3879538991704
1.35,1.3540284600354,1.2608930802476,1.3869823882723
1.3515625,1.3530913741255,1.2600068045325,1.3860074849857
1.353125,1.3521512621523,1.2591174972138,1.3850292469351
1.3546875,1.351208178938,1.2582252104884,1.3840477315372
1.35625,1.3502621790923,1.2573299963615,1.3830629959977
1.3578125,1.3493133170091,1.2564319066435,1.3820750973079
1.359375,1.3483616468638,1.2555309929473,1.3810840922421
1.3609375,1.3474072226102,1.2546273066854,1.380090037354
1.3625,1.3464500979782,1.2537208990673,1.379092988974
1.3640625,1.3454903264705,1.2528118210968,1.3780930032065
1.365625,1.3445279613602,1.2519001235693,1.3770901359262
1.3671875,1.3435630556881,1.2509858570693,1.3760844427762
1.36875,1.3425956622602,1.2500690719678,1.3750759791646
1.3703125,1.3416258336448,1.2491498184199,1.3740648002619
1.371875,1.3406536221704,1.2482281463621,1.3730509609983
1.3734375,1.3396790799233,1.2473041055103,1.3720345160614
1.375,1.3387022587446,1.2463777453572,1.3710155198929
1.3765625,1.3377232102285,1.2454491151697,1.3699940266866
1.378125,1.3367419857196,1.2445182639872,1.368970090386
1.3796875,1.3357586363108,1.2435852406192,1.3679437646812
1.38125,1.3347732128412,1.2426500936429,1.3669151030072
1.3828125,1.3337857658935,1.2417128714011,1.3658841585413
1.384375,1.3327963457924,1.2407736220005,1.3648509842006
1.3859375,1.3318050026023,1.2398323933092,1.3638156326401
1.3875,1.3308117861253,1.2388892329549,1.3627781562504
1.3890625,1.329816745899,1.2379441883229,1.3617386071552
1.390625,1.3288199311951,1.2369973065544,1.3606970372098
1.3921875,1.3278213910169,1.2360486345443,1.3596534979987
1.39375,1.326821174098,1.2350982189393,1.3586080408332
1.3953125,1.3258193288999,1.2341461061368,1.3575607167505
1.396875,1.3248159036113,1.2331923422825,1.3565115765108
1.3984375,1.323810946145,1.2322369732689,1.3554606705958
1.4,1.3228045041374,1.2312800447337,1.3544080492071
1.4015625,1.3217966249464,1.2303216020581,1.3533537622639
1.403125,1.3207873556498,1.2293616903653,1.3522978594018
1.4046875,1.319776743044,1.2284003545191,1.351240389971
1.40625,1.3187648336423,1.227437639122,1.3501814030342
1.4078125,1.3177516736736,1.2264735885144,1.3491209473658
1.409375,1.316737309081,1.2255082467725,1.3480590714497
1.4109375,1.3157217855204,1.2245416577074,1.3469958234782
1.4125,1.3147051483593,1.2235738648638,1.3459312513502
1.4140625,1.3136874426754,1.2226049115184,1.3448654026703
1.415625,1.3126687132556,1.2216348406789,1.3437983247468
1.4171875,1.3116490045945,1.2206636950828,1.3427300645911
1.41875,1.3106283608935,1.2196915171961,1.3416606689157
1.4203125,1.3096068260598,1.2187183492123,1.3405901841335
1.421875,1.308584443705,1.2177442330512,1.3395186563563
1.4234375,1.3075612571445,1.2167692103581,1.3384461313939
1.425,1.3065373093963,1.2157933225027,1.3373726547529
1.4265625,1.30551264318,1.2148166105778,1.3362982716355
1.428125,1.3044873009161,1.2138391153988,1.3352230269387
1.4296875,1.3034613247252,1.2128608775029,1.3341469652531
1.43125,1.3024347564268,1.2118819371475,1.3330701308623
1.4328125,1.3014076375391,1.2109023343105,1.3319925677416
1.434375,1.3003800092778,1.2099221086886,1.3309143195574
1.4359375,1.2993519125556,1.2089412996968,1.3298354296665
1.4375,1.2983233879816,1.2079599464681,1.3287559411149
1.4390625,1.2972944758607,1.2069780878522,1.3276758966375
1.440625,1.2962652161928,1.2059957624155,1.3265953386571
1.4421875,1.2952356486724,1.2050130084401,1.3255143092841
1.44375,1.2942058126884,1.2040298639231,1.3244328503154
1.4453125,1.2931757473229,1.2030463665767,1.3233510032344
1.446875,1.2921454913518,1.2020625538271,1.3222688092098
1.4484375,1.2911150832432,1.2010784628144,1.3211863090958
1.45,1.2900845611581,1.2000941303918,1.320103543431
1.4515625,1.2890539629497,1.1991095931259,1.3190205524385
1.453125,1.2880233261628,1.1981248872955,1.3179373760251
1.4546875,1.2869926880341,1.197140048892,1.3168540537812
1.45625,1.2859620854914,1.1961551136185,1.3157706249804
1.4578125,1.2849315551541,1.1951701168902,1.3146871285792
1.459375,1.2839011333324,1.1941850938335,1.3136036032169
1.4609375,1.2828708560277,1.1932000792864,1.312520087215
1.4625,1.281840758932,1.1922151077979,1.3114366185777
1.4640625,1.2808108774285,1.1912302136282,1.310353234991
1.465625,1.2797812465911,1.1902454307484,1.3092699738232
1.4671875,1.2787519011844,1.1892607928403,1.3081868721244
1.46875,1.2777228756641,1.188276333297,1.3071039666267
1.4703125,1.2766942041768,1.187292085222,1.3060212937442
1.471875,1.2756659205601,1.1863080814298,1.3049388895728
1.4734375,1.2746380583432,1.1853243544461,1.3038567898907
1.475,1.2736106507462,1.1843409365072,1.302775030158
1.4765625,1.2725837306813,1.1833578595609,1.301693645517
1.478125,1.2715573307522,1.1823751552659,1.3006126707925
1.4796875,1.2705314832549,1.1813928549926,1.2995321404919
1.48125,1.2695062201777,1.180410989823,1.2984520888053
1.4828125,1.2684815732018,1.1794295905508,1.2973725496059
1.484375,1.2674575737012,1.1784486876819,1.2962935564501
1.4859375,1.2664342527435,1.1774683114346,1.2952151425781
1.4875,1.2654116410903,1.1764884917398,1.2941373409138
1.4890625,1.2643897691972,1.1755092582416,1.2930601840658
1.490625,1.2633686672148,1.1745306402972,1.2919837043269
1.4921875,1.2623483649888,1.1735526669778,1.2909079336756
1.49375,1.2613288920606,1.1725753670686,1.2898329037754
1.4953125,1.260310277668,1.1715987690694,1.2887586459763
1.496875,1.2592925507455,1.1706229011951,1.2876851913146
1.4984375,1.2582757399253,1.1696477913761,1.2866125705137
1.5,1.2572598735373,1.1686734672589,1.2855408139848
1.5015625,1.2562449796107,1.1676999562068,1.2844699518275
1.503125,1.2552310858728,1.1667272852992,1.2834000138291
1.5046875,1.254218219752,1.1657554813342,1.2823310294676
1.50625,1.2532064083774,1.1647845708279,1.2812630279107
1.5078125,1.2521956785792,1.1638145800154,1.2801960380169
1.509375,1.2511860568898,1.162845534851,1.2791300883361
1.5109375,1.250177569545,1.1618774610095,1.2780652071104
1.5125,1.2491702424841,1.1609103838865,1.2770014222752
1.5140625,1.248164101351,1.1599443285993,1.2759387614592
1.515625,1.2471591714952,1.1589793199873,1.274877251986
1.5171875,1.2461554779726,1.1580153826131,1.2738169208744
1.51875,1.245153045546,1.1570525407631,1.2727577948394
1.5203125,1.2441518986866,1.1560908184483,1.2716999002932
1.521875,1.2431520615746,1.1551302394053,1.2706432633458
1.5234375,1.2421535581,1.1541708270966,1.2695879098063
1.525,1.2411564118641,1.1532126047121,1.2685338651833
1.5265625,1.2401606461799,1.1522555951695,1.2674811546865
1.528125,1.2391662840732,1.1512998211154,1.2664298032269
1.5296875,1.2381733482841,1.150345304926,1.2653798354186
1.53125,1.2371818612675,1.1493920687084,1.2643312755792
1.5328125,1.2361918451943,1.148440134301,1.2632841477311
1.534375,1.2352033219526,1.1474895232749,1.2622384756023
1.5359375,1.2342163131488,1.1465402569345,1.261194282628
1.5375,1.2332308401085,1.145592356319,1.2601515919509
1.5390625,1.2322469238778,1.1446458422028,1.2591104264231
1.540625,1.2312645852243,1.1437007350969,1.2580708086066
1.5421875,1.2302838446384,1.1427570552498,1.2570327607748
1.54375,1.2293047223344,1.1418148226485,1.2559963049133
1.5453125,1.2283272382518,1.1408740570196,1.2549614627216
1.546875,1.2273514120562,1.1399347778306,1.2539282556137
1.5484375,1.2263772631409,1.1389970042906,1.2528967047197
1.55,1.2254048106277,1.1380607553517,1.2518668308868
1.5515625,1.2244340733687,1.1371260497098,1.2508386546807
1.553125,1.2234650699469,1.1361929058061,1.2498121963867
1.5546875,1.2224978186781,1.1352613418281,1.2487874760109
1.55625,1.2215323376117,1.1343313757105,1.2477645132816
1.5578125,1.2205686445323,1.1334030251369,1.2467433276506
1.559375,1.2196067569607,1.1324763075405,1.2457239382946
1.5609375,1.2186466921557,1.1315512401055,1.244706364116
1.5625,1.217688467115,1.1306278397682,1.243690623745
1.5640625,1.2167320985766,1.1297061232183,1.2426767355401
1.565625,1.2157776030204,1.1287861069002,1.2416647175902
1.5671875,1.2148249966692,1.127867807014,1.2406545877154
1.56875,1.2138742954905,1.1269512395171,1.2396463634688
1.5703125,1.2129255151976,1.126036420125,1.2386400621375
1.571875,1.211978671251,1.125123364313,1.2376357007443
1.5734375,1.2110337788598,1.1242120873171,1.2366332960488
1.575,1.2100908529835,1.1233026041357,1.2356328645493
1.5765625,1.2091499083327,1.1223949295306,1.2346344224836
1.578125,1.2082109593712,1.1214890780281,1.2336379858309
1.5796875,1.2072740203171,1.1205850639211,1.2326435703132
1.58125,1.2063391051442,1.1196829012694,1.2316511913963
1.5828125,1.2054062275838,1.1187826039018,1.230660864292
1.584375,1.2044754011258,1.1178841854172,1.2296726039589
1.5859375,1.2035466390205,1.1169876591858,1.2286864251044
1.5875,1.2026199542796,1.1160930383506,1.2277023421857
1.5890625,1.2016953596783,1.1152003358288,1.2267203694117
1.590625,1.2007728677562,1.114309564313,1.2257405207443
1.5921875,1.1998524908194,1.1134207362727,1.2247628099
1.59375,1.1989342409413,1.1125338639556,1.2237872503512
1.5953125,1.1980181299647,1.1116489593892,1.2228138553281
1.596875,1.1971041695033,1.1107660343817,1.2218426378199
1.5984375,1.1961923709427,1.1098851005241,1.2208736105765
1.6,1.1952827454424,1.1090061691909,1.21990678611
1.6015625,1.1943753039373,1.1081292515421,1.2189421766963
1.603125,1.1934700571389,1.107254358524,1.2179797943764
1.6046875,1.1925670155374,1.1063815008713,1.2170196509584
1.60625,1.1916661894026,1.105510689108,1.2160617580188
1.6078125,1.190767588786,1.1046419335491,1.215106126904
1.609375,1.189871223522,1.1037752443017,1.2141527687318
1.6109375,1.1889771032296,1.1029106312669,1.2132016943936
1.6125,1.188085237314,1.102048104141,1.2122529145551
1.6140625,1.1871956349681,1.1011876724168,1.2113064396585
1.615625,1.186308305174,1.1003293453853,1.2103622799238
1.6171875,1.1854232567046,1.0994731321369,1.2094204453506
1.61875,1.1845404981255,1.0986190415631,1.2084809457194
1.6203125,1.183660037796,1.0977670823579,1.2075437905937
1.621875,1.182781883871,1.0969172630191,1.206608989321
1.6234375,1.1819060443027,1.0960695918498,1.2056765510347
1.625,1.1810325268418,1.0952240769599,1.2047464846559
1.6265625,1.1801613390395,1.0943807262677,1.2038187988945
1.628125,1.1792924882488,1.0935395475012,1.2028935022513
1.6296875,1.1784259816261,1.0927005481994,1.2019706030193
1.63125,1.1775618261329,1.0918637357142,1.2010501092856
1.6328125,1.1767000285373,1.0910291172115,1.2001320289326
1.634375,1.1758405954157,1.0901966996727,1.19921636964
1.6359375,1.1749835331543,1.0893664898965,1.1983031388861
1.6375,1.1741288479503,1.0885384944998,1.1973923439498
1.6390625,1.1732765458145,1.0877127199199,1.1964839919119
1.640625,1.1724266325718,1.0868891724152,1.1955780896567
1.6421875,1.1715791138632,1.0860678580671,1.1946746438738
1.64375,1.1707339951478,1.0852487827816,1.1937736610598
1.6453125,1.1698912817035,1.0844319522903,1.1928751475194
1.646875,1.1690509786294,1.0836173721523,1.1919791093675
1.6484375,1.168213090847,1.0828050477554,1.1910855525309
1.65,1.1673776231017,1.0819949843176,1.1901944827494
1.6515625,1.1665445799646,1.081187186889,1.1893059055778
1.653125,1.1657139658339,1.0803816603523,1.1884198263875
1.6546875,1.1648857849366,1.0795784094253,1.1875362503678
1.65625,1.16406004133,1.0787774386617,1.1866551825278
1.6578125,1.1632367389032,1.0779787524528,1.1857766276981
1.659375,1.1624158813789,1.077182355029,1.1849005905319
1.6609375,1.1615974723146,1.0763882504612,1.1840270755073
1.6625,1.1607815151045,1.075596442662,1.1831560869282
1.6640625,1.159968012981,1.0748069353876,1.1822876289263
1.665625,1.1591569690159,1.0740197322389,1.1814217054627
1.6671875,1.1583483861224,1.0732348366631,1.1805583203294
1.66875,1.1575422670565,1.0724522519553,1.1796974771508
1.6703125,1.1567386144184,1.0716719812595,1.1788391793854
1.671875,1.1559374306542,1.0708940275703,1.1779834303273
1.6734375,1.1551387180574,1.0701183937345,1.177130233108
1.675,1.1543424787703,1.0693450824523,1.1762795906975
1.6765625,1.1535487147859,1.0685740962787,1.1754315059065
1.678125,1.1527574279488,1.0678054376249,1.1745859813874
1.6796875,1.1519686199574,1.0670391087602,1.1737430196363
1.68125,1.1511822923649,1.0662751118127,1.172902622994
1.6828125,1.1503984465811,1.0655134487712,1.1720647936483
1.684375,1.1496170838739,1.0647541214864,1.1712295336351
1.6859375,1.1488382053705,1.0639971316725,1.1703968448397
1.6875,1.1480618120593,1.0632424809082,1.169566728999
1.6890625,1.1472879047911,1.0624901706386,1.1687391877025
1.690625,1.1465164842807,1.0617402021764,1.167914222394
1.6921875,1.1457475511083,1.0609925767029,1.1670918343732
1.69375,1.1449811057213,1.0602472952701,1.1662720247971
1.6953125,1.1442171484352,1.0595043588016,1.1654547946818
1.696875,1.1434556794356,1.058763768094,1.1646401449034
1.6984375,1.1426966987794,1.0580255238183,1.1638280762001
1.7,1.1419402063961,1.0572896265215,1.1630185891736
1.7015625,1.1411862020896,1.0565598028132,1.1622157830946
1.703125,1.1404366751811,1.0558341961121,1.1614176157233
1.7046875,1.1396935768692,1.0551145968074,1.1606260564881
1.70625,1.1389568461868,1.0544009494812,1.1598410444293
1.7078125,1.1382264230396,1.0536931995109,1.159062519462
1.709375,1.1375022481679,1.0529912930364,1.1582904223401
1.7109375,1.1367842631147,1.0522951769324,1.1575246946257
1.7125,1.1360724101979,1.0516047987842,1.1567652786626
1.7140625,1.1353666324867,1.0509201068664,1.156012117553
1.715625,1.1346668737798,1.0502410501228,1.1552651551351
1.7171875,1.1339730785857,1.0495675781491,1.154524335964
1.71875,1.1332851921047,1.0488996411753,1.1537896052929
1.7203125,1.1326031602118,1.0482371900506,1.1530609090556
1.721875,1.1319269294411,1.0475801762277,1.1523381938504
1.7234375,1.1312564469701,1.0469285517491,1.151621406924
1.725,1.1305916606058,1.0462822692334,1.1509104961567
1.7265625,1.129932518771,1.045641281862,1.1502054100482
1.728125,1.1292789704908,1.0450055433671,1.1495060977038
1.7296875,1.1286309653805,1.0443750080194,1.1488125088214
1.73125,1.1279884536331,1.0437496306168,1.1481245936784
1.7328125,1.127351386008,1.043129366473,1.1474423031203
1.734375,1.1267197138199,1.0425141714075,1.1467655885482
1.7359375,1.1260933889276,1.0419040017346,1.1460944019081
1.7375,1.1254723637242,1.0412988142543,1.1454286956797
1.7390625,1.1248565911267,1.0406985662419,1.1447684228661
1.740625,1.1242460245665,1.0401032154396,1.1441135369836
1.7421875,1.1236406179801,1.0395127200471,1.1434639920518
1.74375,1.1230403258,1.038927038713,1.1428197425843
1.7453125,1.122445102946,1.0383461305272,1.1421807435799
1.746875,1.1218549048169,1.0377699550118,1.1415469505129
1.7484375,1.1212696872822,1.0371984721142,1.1409183193256
1.75,1.1206894066742,1.0366316421993,1.1402948064193
1.7515625,1.1201140197805,1.0360694260423,1.1396763686465
1.753125,1.1195434838362,1.0355117848213,1.1390629633035
1.7546875,1.1189777565172,1.0349586801112,1.1384545481224
1.75625,1.1184167959329,1.0344100738765,1.1378510812641
1.7578125,1.1178605606194,1.0338659284649,1.1372525213114
1.759375,1.117309009533,1.0333262066015,1.1366588272616
1.7609375,1.1167621020439,1.0327908713825,1.1360699585207
1.7625,1.1162197979297,1.0322598862692,1.1354858748961
1.7640625,1.1156820573695,1.0317332150827,1.1349065365909
1.765625,1.1151488409381,1.0312108219979,1.1343319041977
1.7671875,1.1146201095999,1.0306926715387,1.1337619386926
1.76875,1.114095824704,1.0301787285721,1.1331966014293
1.7703125,1.1135759479781,1.0296689583038,1.1326358541342
1.771875,1.1130604415233,1.0291633262726,1.1320796588999
1.7734375,1.1125492678092,1.0286617983462,1.1315279781808
1.775,1.1120423896689,1.0281643407161,1.1309807747877
1.7765625,1.1115397702935,1.0276709198932,1.1304380118825
1.778125,1.111041373228,1.0271815027032,1.1298996529735
1.7796875,1.1105471623662,1.0266960562824,1.1293656619106
1.78125,1.1100571019463,1.0262145480736,1.1288360028809
1.7828125,1.1095711565461,1.0257369458216,1.1283106404038
1.784375,1.1090892910793,1.0252632175695,1.1277895393265
1.7859375,1.1086114707903,1.0247933316546,1.1272726648201
1.7875,1.1081376612509,1.0243272567047,1.1267599823751
1.7890625,1.1076678283557,1.023864961634,1.1262514577974
1.790625,1.1072019383182,1.02340641564,1.1257470572041
1.7921875,1.1067399576668,1.0229515881995,1.1252467470195
1.79375,1.1062818532413,1.0225004490652,1.1247504939717
1.7953125,1.1058275921887,1.0220529682621,1.1242582650883
1.796875,1.1053771419598,1.0216091160846,1.123770027693
1.7984375,1.1049304703054,1.0211688630928,1.1232857494021
1.8,1.104487545273,1.0207321801095,1.1228053981205
1.8015625,1.104048335203,1.020299038217,1.1223289420387
1.803125,1.1036128087256,1.0198694087539,1.1218563496293
1.8046875,1.1031809347575,1.0194432633123,1.1213875896436
1.80625,1.1027526824981,1.0190205737348,1.1209226311083
1.8078125,1.1023280214268,1.0186013121113,1.1204614433225
1.809375,1.1019069212999,1.0181854507768,1.1200039958545
1.8109375,1.1014893521469,1.0177729623078,1.1195502585385
1.8125,1.101075284268,1.0173638195202,1.1191002014722
1.8140625,1.100664688231,1.0169579954663,1.1186537950129
1.815625,1.1002575348683,1.0165554634325,1.1182110097757
1.8171875,1.0998537952738,1.0161561969362,1.1177718166298
1.81875,1.0994534408003,1.0157601697237,1.1173361866961
1.8203125,1.0990564430568,1.0153673557676,1.1169040913443
1.821875,1.0986627739055,1.0149777292641,1.1164755021905
1.8234375,1.0982724054592,1.0145912646311,1.1160503910942
1.825,1.0978853100786,1.0142079365053,1.1156287301558
1.8265625,1.0975014603697,1.0138277197402,1.1152104917143
1.828125,1.0971208291814,1.0134505894039,1.1147956483443
1.8296875,1.0967433896024,1.0130765207763,1.1143841728539
1.83125,1.0963691149597,1.0127054893478,1.1139760382826
1.8328125,1.0959979788149,1.0123374708162,1.1135712178978
1.834375,1.0956299549627,1.0119724410852,1.1131696851937
1.8359375,1.0952650174283,1.0116103762619,1.1127714138881
1.8375,1.0949031404648,1.0112512526551,1.1123763779206
1.8390625,1.094544298551,1.0108950467729,1.1119845514502
1.840625,1.0941884663894,1.010541735321,1.1115959088531
1.8421875,1.0938356189034,1.0101912952005,1.1112104247206
1.84375,1.0934857312356,1.0098437035061,1.1108280738567
1.8453125,1.0931387787453,1.0094989375239,1.1104488312763
1.846875,1.0927947370065,1.0091569747302,1.1100726722032
1.8484375,1.0924535818057,1.0088177927887,1.1096995720675
1.85,1.0921152891396,1.0084813695494,1.1093295065043
1.8515625,1.0917798352136,1.0081476830464,1.108962451351
1.853125,1.0914471964391,1.0078167114965,1.1085983826461
1.8546875,1.0911173494318,1.0074884332968,1.1082372766265
1.85625,1.0907902710099,1.0071628270238,1.1078791097261
1.8578125,1.0904659381917,1.0068398714309,1.107523858574
1.859375,1.0901443281939,1.0065195454473,1.107171499992
1.8609375,1.0898254184298,1.006201828176,1.1068220109936
1.8625,1.0895091865073,1.0058866988924,1.1064753687817
1.8640625,1.0891956102268,1.0055741370424,1.1061315507467
1.865625,1.0888846675797,1.005264122241,1.1057905344651
1.8671875,1.0885763367465,1.0049566342708,1.1054522976979
1.86875,1.0882705960949,1.0046516530801,1.1051168183881
1.8703125,1.0879674241781,1.0043491587818,1.10478407466
1.871875,1.087666799733,1.0040491316517,1.1044540448169
1.8734375,1.0873687016787,1.0037515521268,1.1041267073394
1.875,1.0870731091144,1.0034564008041,1.1038020408845
1.8765625,1.0867800013179,1.003163658439,1.1034800242829
1.878125,1.086489357744,1.0028733059441,1.1031606365386
1.8796875,1.0862011580227,1.0025853243874,1.1028438568261
1.88125,1.0859153819579,1.002299694991,1.1025296644901
1.8828125,1.0856320095254,1.00201639913,1.102218039043
1.884375,1.0853510208713,1.0017354183307,1.1019089601638
1.8859375,1.0850723963108,1.0014567342698,1.1016024076967
1.8875,1.0847961163263,1.0011803287722,1.1012983616494
1.8890625,1.0845221615661,1.0009061838107,1.1009968021917
1.890625,1.0842505128428,1.0006342815038,1.1006977096542
1.8921875,1.0839811511314,1.0003646041151,1.1004010645266
1.89375,1.0837140575687,1.0000971340515,1.1001068474567
1.8953125,1.0834492134509,0.99983185386219,1.0998150392484
1.896875,1.0831866002327,0.9995687462374,1.0995256208611
1.8984375,1.0829261995258,0.99930779400707,1.0992385734078
1.9,1.0826679930972,0.99904898013971,1.0989538781537
1.9015625,1.0824119628682,0.99879228774116,1.0986715165153
1.903125,1.0821580909126,0.99853770005335,1.0983914700587
1.9046875,1.0819063594557,0.99828520045321,1.0981137204985
1.90625,1.0816567508725,0.99803477245138,1.0978382496965
1.9078125,1.0814092476868,0.99778639969118,1.0975650396603
1.909375,1.0811638325697,0.9975400659474,1.0972940725421
1.9109375,1.0809204883381,0.99729575512512,1.0970253306376
1.9125,1.0806791979537,0.9970534512587,1.0967587963846
1.9140625,1.0804399445214,0.99681313851061,1.0964944523617
1.915625,1.0802027112884,0.9965748011703,1.0962322812873
1.9171875,1.0799674816425,0.99633842365317,1.0959722660185
1.91875,1.0797342391111,0.99610399049951,1.0957143895495
1.9203125,1.0795029673602,0.99587148637335,1.0954586350107
1.921875,1.0792736501925,0.99564089606149,1.0952049856676
1.9234375,1.0790462715468,0.99541220447239,1.0949534249196
1.925,1.0788208154966,0.99518539663526,1.0947039362988
1.9265625,1.0785972662488,0.9949604576989,1.0944565034688
1.928125,1.0783756081428,0.99473737293076,1.0942111102238
1.9296875,1.0781558256489,0.99451612771591,1.0939677404875
1.93125,1.0779379033676,0.99429670755608,1.0937263783117
1.9328125,1.0777218260282,0.99407909806868,1.0934870078755
1.934375,1.0775075784877,0.99386328498584,1.0932496134844
1.9359375,1.0772951457299,0.99364925415333,1.0930141795687
1.9375,1.0770845128637,0.99343699152981,1.0927806906828
1.9390625,1.0768756651229,0.9932264831857,1.0925491315043
1.940625,1.0766685878642,0.99301771530244,1.0923194868327
1.9421875,1.0764632665669,0.99281067417135,1.0920917415885
1.94375,1.0762596868313,0.99260534619282,1.0918658808121
1.9453125,1.0760578343777,0.99240171787547,1.091641889663
1.946875,1.0758576950457,0.99219977583514,1.0914197534187
1.9484375,1.0756592547929,0.9919995067941,1.0911994574735
1.95,1.075462499694,0.99180089758005,1.0909809873381
1.9515625,1.0752674159394,0.99160393512532,1.0907643286379
1.953125,1.0750739898349,0.99140860646602,1.0905494671126
1.9546875,1.0748822078,0.99121489874119,1.0903363886153
1.95625,1.0746920563676,0.9910227991919,1.0901250791111
1.9578125,1.0745035221821,0.99083229516043,1.0899155246765
1.959375,1.0743165919995,0.99064337408942,1.0897077114984
1.9609375,1.0741312526857,0.99045602352113,1.0895016258732
1.9625,1.0739474912158,0.99027023109649,1.0892972542061
1.9640625,1.073765294673,0.99008598455443,1.0890945830099
1.965625,1.0735846502482,0.98990327173099,1.0888935989041
1.9671875,1.0734055452382,0.98972208055851,1.0886942886144
1.96875,1.0732279670456,0.98954239906489,1.0884966389714
1.9703125,1.0730519031775,0.98936421537287,1.0883006369102
1.971875,1.0728773412446,0.98918751769907,1.088106269469
1.9734375,1.0727042689605,0.98901229435343,1.0879135237888
1.975,1.0725326741405,0.98883853373831,1.0877223871121
1.9765625,1.0723625447012,0.98866622434782,1.0875328467826
1.978125,1.0721938686592,0.98849535476703,1.0873448902437
1.9796875,1.0720266341305,0.9883259136712,1.0871585050383
1.98125,1.0718608293294,0.98815788982515,1.0869736788077
1.9828125,1.071696442568,0.98799127208249,1.0867903992907
1.984375,1.0715334622552,0.98782604938481,1.0866086543233
1.9859375,1.0713718768957,0.98766221076108,1.0864284318372
1.9875,1.0712116750895,0.98749974532689,1.0862497198596
1.9890625,1.0710528455309,0.98733864228381,1.0860725065122
1.990625,1.0708953770079,0.98717889091864,1.0858967800105
1.9921875,1.0707392584009,0.98702048060267,1.0857225286629
1.99375,1.0705844786825,0.98686340079113,1.0855497408702
1.9953125,1.0704310269165,0.98670764102241,1.0853784051247
1.996875,1.070278892257,0.98655319091742,1.0852085100092
1.9984375,1.0701280639477,0.98640004017896,1.0850400441969
2,1.0699785313215,0.98624817859099,1.0848729964501

